{
  "properties": {
    "connectionReferences": {},
    "definition": {
      "$schema": "https://schema.management.azure.com/providers/Microsoft.Logic/schemas/2016-06-01/workflowdefinition.json#",
      "contentVersion": "1.0.0.0",
      "parameters": {
        "$authentication": {
          "defaultValue": {},
          "type": "SecureObject"
        }
      },
      "triggers": {
        "manual": {
          "metadata": {
            "operationMetadataId": "3c53b1f6-31f5-4eaf-97c5-84b7b04793d8"
          },
          "type": "Request",
          "kind": "Button",
          "inputs": {
            "schema": {
              "type": "object",
              "properties": {},
              "required": []
            }
          }
        }
      },
      "actions": {
        "Get_access_token": {
          "runAfter": {
            "クライアントシークレット": [
              "Succeeded"
            ]
          },
          "metadata": {
            "operationMetadataId": "83f9d711-591b-4ec7-a136-ba1a62135ecd"
          },
          "type": "Http",
          "inputs": {
            "method": "POST",
            "uri": "https://login.microsoftonline.com/@{outputs('ディレクトリ_(テナント)_ID')}/oauth2/token",
            "headers": {
              "Content-Type": "application/x-www-form-urlencoded"
            },
            "body": "grant_type=client_credentials\n&resource=https://graph.microsoft.com\n&client_id=@{outputs('アプリケーション（クライアント）ID')}\n&client_secret=@{outputs('クライアントシークレット')}"
          }
        },
        "Execute_GraphAPI_Using_an_Access_Token_(example)": {
          "runAfter": {
            "Get_access_token": [
              "Succeeded"
            ]
          },
          "metadata": {
            "operationMetadataId": "85e6187e-ed98-4b55-8371-36c35aad0e1e"
          },
          "type": "Http",
          "inputs": {
            "method": "GET",
            "uri": "https://graph.microsoft.com/v1.0/users",
            "headers": {
              "Authorization": "Bearer @{body('Get_access_token')?['access_token']}",
              "Host": "graph.microsoft.com"
            }
          }
        },
        "アプリケーション（クライアント）ID": {
          "runAfter": {},
          "metadata": {
            "operationMetadataId": "9a83119d-d915-4900-92cb-a81e04e79e71"
          },
          "type": "Compose",
          "inputs": "56654ae0-0a32-49a7-a5ca-65d1a725ecc8"
        },
        "クライアントシークレット": {
          "runAfter": {
            "ディレクトリ_(テナント)_ID": [
              "Succeeded"
            ]
          },
          "metadata": {
            "operationMetadataId": "9a83119d-d915-4900-92cb-a81e04e79e71"
          },
          "type": "Compose",
          "inputs": ".0a8Q~3XLSFbyqOfLSU-YkhuMmy5pYk-B-LzXbsV"
        },
        "ディレクトリ_(テナント)_ID": {
          "runAfter": {
            "アプリケーション（クライアント）ID": [
              "Succeeded"
            ]
          },
          "metadata": {
            "operationMetadataId": "9a83119d-d915-4900-92cb-a81e04e79e71"
          },
          "type": "Compose",
          "inputs": "552440ee-891d-4f5a-b78e-13d0a3fa1dd4"
        },
        "Execute_GraphAPI_(example)": {
          "runAfter": {
            "Execute_GraphAPI_Using_an_Access_Token_(example)": [
              "Succeeded"
            ]
          },
          "metadata": {
            "operationMetadataId": "650bd0b1-cb42-4331-8997-6000e8bb8314"
          },
          "type": "Http",
          "inputs": {
            "method": "GET",
            "uri": "https://graph.microsoft.com/v1.0/users",
            "headers": {
              "Content-type": "application/json"
            },
            "authentication": {
              "type": "ActiveDirectoryOAuth",
              "tenant": "@{outputs('ディレクトリ_(テナント)_ID')}",
              "audience": "https://graph.microsoft.com",
              "clientId": "@{outputs('アプリケーション（クライアント）ID')}",
              "secret": "@{outputs('クライアントシークレット')}"
            }
          }
        }
      }
    },
    "templateName": ""
  },
  "schemaVersion": "1.0.0.0"
}