{
  "properties": {
    "connectionReferences": {
      "shared_onedriveforbusiness_2": {
        "runtimeSource": "invoker",
        "connection": {
          "connectionReferenceLogicalName": "admin_OneDrive"
        },
        "api": {
          "name": "shared_onedriveforbusiness"
        }
      }
    },
    "definition": {
      "$schema": "https://schema.management.azure.com/providers/Microsoft.Logic/schemas/2016-06-01/workflowdefinition.json#",
      "contentVersion": "1.0.0.0",
      "parameters": {
        "$connections": {
          "defaultValue": {},
          "type": "Object"
        },
        "$authentication": {
          "defaultValue": {},
          "type": "SecureObject"
        }
      },
      "triggers": {
        "manual": {
          "metadata": {
            "operationMetadataId": "78d2d22a-0ead-400c-9c64-e1998de6b79f"
          },
          "type": "Request",
          "kind": "Button",
          "inputs": {
            "schema": {
              "type": "object",
              "properties": {},
              "required": []
            }
          }
        }
      },
      "actions": {
        "Get_an_access_token_from_a_refresh_token": {
          "runAfter": {
            "Get_refresh_token": [
              "Succeeded"
            ]
          },
          "metadata": {
            "operationMetadataId": "f34a38d1-009f-49a2-804c-d9093d40e9fc"
          },
          "type": "Http",
          "inputs": {
            "method": "POST",
            "uri": "https://login.microsoftonline.com/common/oauth2/v2.0/token",
            "headers": {
              "Content-Type": "application/x-www-form-urlencoded"
            },
            "body": "client_id=@{outputs('アプリケーション（クライアント）ID')}\n&scope=offline_access%20user.read\n&refresh_token=@{body('Get_refresh_token')}\n&redirect_uri=http%3A%2F%2Flocalhost%2Fmyapp%2F\n&grant_type=refresh_token\n&client_secret=@{outputs('クライアントシークレット')}"
          },
          "description": "リフレッシュトークンからアクセストークン取得"
        },
        "Execute_GraphAPI_(example)": {
          "runAfter": {
            "Update_refresh_token": [
              "Succeeded"
            ]
          },
          "metadata": {
            "operationMetadataId": "88a6a277-4b62-4f4d-bee5-3a7adb79c01a"
          },
          "type": "Http",
          "inputs": {
            "method": "GET",
            "uri": "https://graph.microsoft.com/v1.0/me",
            "headers": {
              "Authorization": "Bearer @{body('Get_an_access_token_from_a_refresh_token')?['access_token']}"
            }
          },
          "description": "アクセス許可の委任を同意したユーザーのユーザー情報"
        },
        "Get_refresh_token": {
          "runAfter": {
            "クライアントシークレット": [
              "Succeeded"
            ]
          },
          "metadata": {
            "operationMetadataId": "c5add6da-c4cc-46a9-bc3a-1bac1168fd4f"
          },
          "type": "OpenApiConnection",
          "inputs": {
            "host": {
              "connectionName": "shared_onedriveforbusiness_2",
              "operationId": "GetFileContentByPath",
              "apiId": "/providers/Microsoft.PowerApps/apis/shared_onedriveforbusiness"
            },
            "parameters": {
              "path": "/token/@{outputs('アプリケーション（クライアント）ID')}_refreshToken.info",
              "inferContentType": true
            },
            "authentication": {
              "type": "Raw",
              "value": "@json(decodeBase64(triggerOutputs().headers['X-MS-APIM-Tokens']))['$ConnectionKey']"
            }
          }
        },
        "アプリケーション（クライアント）ID": {
          "runAfter": {},
          "metadata": {
            "operationMetadataId": "6c38a490-02b9-4313-8d0e-ee5277d65fbd"
          },
          "type": "Compose",
          "inputs": "56654ae0-0a32-49a7-a5ca-xxxxxxxxxxxxx"
        },
        "クライアントシークレット": {
          "runAfter": {
            "アプリケーション（クライアント）ID": [
              "Succeeded"
            ]
          },
          "metadata": {
            "operationMetadataId": "cc56cdb8-fe51-4fbc-83a4-f10e34fe70ae"
          },
          "type": "Compose",
          "inputs": ".0a8Q~3XLSFbyqOfLSU-YkhuMmyxxxxxxxxxxxxx"
        },
        "Update_refresh_token": {
          "runAfter": {
            "Get_an_access_token_from_a_refresh_token": [
              "Succeeded"
            ]
          },
          "metadata": {
            "operationMetadataId": "5e97649d-111e-436f-a800-ee39b3c97c37"
          },
          "type": "OpenApiConnection",
          "inputs": {
            "host": {
              "connectionName": "shared_onedriveforbusiness_2",
              "operationId": "CreateFile",
              "apiId": "/providers/Microsoft.PowerApps/apis/shared_onedriveforbusiness"
            },
            "parameters": {
              "folderPath": "/token/",
              "name": "@{outputs('アプリケーション（クライアント）ID')}_refreshToken.info",
              "body": "@body('Get_an_access_token_from_a_refresh_token')?['refresh_token']"
            },
            "authentication": {
              "type": "Raw",
              "value": "@json(decodeBase64(triggerOutputs().headers['X-MS-APIM-Tokens']))['$ConnectionKey']"
            }
          },
          "runtimeConfiguration": {
            "contentTransfer": {
              "transferMode": "Chunked"
            }
          }
        }
      }
    },
    "templateName": ""
  },
  "schemaVersion": "1.0.0.0"
}